appperiod,air.temp,wind.2m
spring,7.65318941695605,2.71052604502285
summer,21.0804432683694,1.6228744606839
