appperiod,er,sd,min,max,n
spring,0.418932658015357,0.0717604729179705,0.103693072011239,0.579140716715612,360
summer,0.498367799132421,0.0743213853895942,0.0255436284158789,0.601954891992091,372
