appperiod,er,lwr,upr,n
spring,0.384725390074013,0.215160743624622,0.523491988692863,36000
summer,0.472924094281065,0.314204836742867,0.58756548930073,37200
