lwr,md,upr
-0.0720622928198544,0.097774248468957,0.274584536552407
